INSERT INTO authors (id, first_name, last_name, bio, image_path) VALUES
('550e8400-e29b-41d4-a716-446655440001', 'Олена', 'Шевченко', 'Українська письменниця, авторка популярних романів та аудіокниг.', '/images/authors/olena_shevchenko.jpg'),
('550e8400-e29b-41d4-a716-446655440002', 'Іван', 'Коваль', 'Сучасний український поет і прозаїк, лауреат літературних премій.', '/images/authors/ivan_koval.jpg'),
('550e8400-e29b-41d4-a716-446655440003', 'Марія', 'Петренко', 'Авторка дитячих книг, відома своїми казками.', '/images/authors/mariia_petrenko.jpg'),
('550e8400-e29b-41d4-a716-446655440004', 'Андрій', 'Лисенко', 'Письменник-фантаст, створює захоплюючі науково-фантастичні романи.', '/images/authors/andrii_lysenko.jpg'),
('550e8400-e29b-41d4-a716-446655440005', 'Софія', 'Мельник', 'Авторка історичних романів, дослідниця української культури.', '/images/authors/sofiia_melnyk.jpg');

INSERT INTO genres (id, name, description) VALUES
('660e8400-e29b-41d4-a716-446655440001', 'Фантастика', 'Жанр, що включає наукову фантастику, фентезі та альтернативну історію.'),
('660e8400-e29b-41d4-a716-446655440002', 'Роман', 'Література, що зосереджується на людських стосунках і почуттях.'),
('660e8400-e29b-41d4-a716-446655440003', 'Дитяча література', 'Книги, створені для дітей, включаючи казки та оповідання.'),
('660e8400-e29b-41d4-a716-446655440004', 'Історичний роман', 'Романи, що відтворюють історичні події та епохи.'),
('660e8400-e29b-41d4-a716-446655440005', 'Детектив', 'Жанр, що включає розслідування злочинів і таємниці.');

INSERT INTO audiobooks (id, author_id, genre_id, title, duration, release_year, description, cover_image_path) VALUES
('770e8400-e29b-41d4-a716-446655440001', '550e8400-e29b-41d4-a716-446655440004', '660e8400-e29b-41d4-a716-446655440001', 'Космічна подорож', 7200, 2023, 'Епічна науково-фантастична пригода в далекому космосі.', '/images/covers/kosmichna_podorozh.jpg'),
('770e8400-e29b-41d4-a716-446655440002', '550e8400-e29b-41d4-a716-446655440001', '660e8400-e29b-41d4-a716-446655440002', 'Світло в темряві', 10800, 2021, 'Роман про кохання та боротьбу за щастя.', '/images/covers/svitlo_v_temryavi.jpg'),
('770e8400-e29b-41d4-a716-446655440003', '550e8400-e29b-41d4-a716-446655440003', '660e8400-e29b-41d4-a716-446655440003', 'Казки лісу', 3600, 2020, 'Збірка дитячих казок про природу.', '/images/covers/kazky_lisu.jpg'),
('770e8400-e29b-41d4-a716-446655440004', '550e8400-e29b-41d4-a716-446655440005', '660e8400-e29b-41d4-a716-446655440004', 'Козацька слава', 14400, 2022, 'Історичний роман про козацьку добу.', '/images/covers/kozatska_slava.jpg'),
('770e8400-e29b-41d4-a716-446655440005', '550e8400-e29b-41d4-a716-446655440002', '660e8400-e29b-41d4-a716-446655440005', 'Таємниця старого маєтку', 9000, 2024, 'Детективна історія з несподіваними поворотами.', '/images/covers/tayemnytsia_mayetku.jpg');

INSERT INTO users (id, username, password_hash, email, avatar_path) VALUES
('880e8400-e29b-41d4-a716-446655440001', 'oleksandr23', 'hashed_password_1', 'oleksandr23@gmail.com', '/avatars/oleksandr23.jpg'),
('880e8400-e29b-41d4-a716-446655440002', 'kateryna_p', 'hashed_password_2', 'kateryna.p@ukr.net', '/avatars/kateryna_p.jpg'),
('880e8400-e29b-41d4-a716-446655440003', 'mykola_k', 'hashed_password_3', 'mykola.k@gmail.com', '/avatars/mykola_k.jpg'),
('880e8400-e29b-41d4-a716-446655440004', 'anna_maria', 'hashed_password_4', 'anna.maria@i.ua', '/avatars/anna_maria.jpg'),
('880e8400-e29b-41d4-a716-446655440005', 'dmytro88', 'hashed_password_5', 'dmytro88@outlook.com', '/avatars/dmytro88.jpg');

INSERT INTO collections (id, user_id, name, created_at) VALUES
('990e8400-e29b-41d4-a716-446655440001', '880e8400-e29b-41d4-a716-446655440001', 'Мої улюблені', '2025-01-15 10:00:00'),
('990e8400-e29b-41d4-a716-446655440002', '880e8400-e29b-41d4-a716-446655440002', 'Для вечорів', '2025-02-20 14:30:00'),
('990e8400-e29b-41d4-a716-446655440003', '880e8400-e29b-41d4-a716-446655440003', 'Дитячі казки', '2024-12-01 09:15:00'),
('990e8400-e29b-41d4-a716-446655440004', '880e8400-e29b-41d4-a716-446655440004', 'Історичні романи', '2025-03-10 16:45:00'),
('990e8400-e29b-41d4-a716-446655440005', '880e8400-e29b-41d4-a716-446655440005', 'Детективи', '2025-04-01 12:00:00');

INSERT INTO audiobook_collection (collection_id, audiobook_id) VALUES
('990e8400-e29b-41d4-a716-446655440001', '770e8400-e29b-41d4-a716-446655440001'),
('990e8400-e29b-41d4-a716-446655440001', '770e8400-e29b-41d4-a716-446655440002'),
('990e8400-e29b-41d4-a716-446655440002', '770e8400-e29b-41d4-a716-446655440002'),
('990e8400-e29b-41d4-a716-446655440003', '770e8400-e29b-41d4-a716-446655440003'),
('990e8400-e29b-41d4-a716-446655440004', '770e8400-e29b-41d4-a716-446655440004'),
('990e8400-e29b-41d4-a716-446655440005', '770e8400-e29b-41d4-a716-446655440005');

INSERT INTO audiobook_files (id, audiobook_id, file_path, format, size) VALUES
('aa0e8400-e29b-41d4-a716-446655440001', '770e8400-e29b-41d4-a716-446655440001', '/audio/kosmichna_podorozh.mp3', 'mp3', 150000000),
('aa0e8400-e29b-41d4-a716-446655440002', '770e8400-e29b-41d4-a716-446655440002', '/audio/svitlo_v_temryavi.flac', 'flac', 300000000),
('aa0e8400-e29b-41d4-a716-446655440003', '770e8400-e29b-41d4-a716-446655440003', '/audio/kazky_lisu.wav', 'wav', 100000000),
('aa0e8400-e29b-41d4-a716-446655440004', '770e8400-e29b-41d4-a716-446655440004', '/audio/kozatska_slava.m4b', 'm4b', 200000000),
('aa0e8400-e29b-41d4-a716-446655440005', '770e8400-e29b-41d4-a716-446655440005', '/audio/tayemnytsia_mayetku.aac', 'aac', 180000000);

INSERT INTO listening_progresses (id, user_id, audiobook_id, position, last_listened) VALUES
('bb0e8400-e29b-41d4-a716-446655440001', '880e8400-e29b-41d4-a716-446655440001', '770e8400-e29b-41d4-a716-446655440001', 3600, '2025-04-28 18:00:00'),
('bb0e8400-e29b-41d4-a716-446655440002', '880e8400-e29b-41d4-a716-446655440002', '770e8400-e29b-41d4-a716-446655440002', 5400, '2025-04-27 20:30:00'),
('bb0e8400-e29b-41d4-a716-446655440003', '880e8400-e29b-41d4-a716-446655440003', '770e8400-e29b-41d4-a716-446655440003', 1800, '2025-04-25 15:15:00'),
('bb0e8400-e29b-41d4-a716-446655440004', '880e8400-e29b-41d4-a716-446655440004', '770e8400-e29b-41d4-a716-446655440004', 7200, '2025-04-26 10:45:00'),
('bb0e8400-e29b-41d4-a716-446655440005', '880e8400-e29b-41d4-a716-446655440005', '770e8400-e29b-41d4-a716-446655440005', 4500, '2025-04-29 12:00:00');